---
layout: post
title:  2020-10-26 TIL
categories: TIL
layout : single
---

# stateful, stateless

## Stateless 의 문제점
- 한 번 연결하고 응답하고 나면 연결이 끊기는데 어떻게 클라이언트를 특정할 수 있는지?

## DataInput/OutputStram
- 데이터를 타입 별로 받아들이기 좋다.

## ex04 stateful
- 메인 스레드가 모든 일을 다 하기 때문에 하나의 클라이언트와 연결되면 다른 클라이언트는 accept() 에서 기다리고 있어야 한다.
- 처음 연결된 클라이언트가 종료되고 나면 두번째로 연결된 클라이언트에 응답을 흔다.

## ex04 stateful 2
- 계산 결과를 서버에 저장해둔다.
- 메인 스레드가 혼자 일을 한다.

## ex04 stateful 3
- 스레드를 사용해서 동시에 여러 클라이언트의 요청에 응답할 수 있다.
 - 소켓을 통해서 다이렉트로 어드레스를 받아오는 것보다 주소를 다루는 별도의 클래스를 분리시킨 것이 InetSocketAddress 이다.
    - InetSocketAddress 객체를 통해 주소화 포트번호가 담긴 객체를 얻은 다음에 거기서 뽑아서 쓰는 것이 확장성이 더 좋다.
- 메인 스레드는 클라이언트 요청이 들어오면 accept 를 통해 socket 객체를 만들어서 새로운 스레드에게 일을 시킨다.
- run() 메소드를 실행하고 processRequest를 호출해서 클라이언트의 요청을 해결하는 동안 만들어지는 모든 로컬 변수는 각 스레드에서 생성되는 stack 메모리에 저장된다.

## ex04 stateless
- 서버와의 연결을 최소한으로 하기 위해서 클라이언트에 값을 다 입력하고 나서 연산을 처리할 때만(엔터를 칠 때) 연결한다.
- 버퍼 스트림을 쓸 때는 out.flush()를 꼭 사용해야 한다.
- 스테이트리스는 둘 사이의 요청 응답이 끝나면 연결을 끊는다.

## ex04 stateless 2
- stateless 에서 클라이언트를 구분하고 작업 결과를 유지하는 방법
- ID 를 Map 에 등록하고 클라이언트가 서버에서 반환된 ID 를 저장해둔다.
- ID와 함께 저장된 result 값을 다음 연산에 사용한다. 

- 쿠키 : 웹 서버가 웹 브라우저에게 보내는 정보(객체), 인증 정보를 웹 브라우저에 저장하고 사용자가 요청을 할 때 그 정보를 함께 보내서 사용자를 식별할 수 있도록 도와준다.
- 세션 : 로그인, 사용자 닉네임, 접속 시간 등 서버가 알아야 할 정보를 저장해 놓는다. 만료가 되었다는 것은 세션에 지정된 시간이 종료되었다는 것을 뜻하는 듯하다.

# sql (eomcs-docs-sql)

## DDL(Data Definition Language)
DB 객체(테이블, 뷰, 함수, 트리거 등)를 생성, 변경, 삭제하는 SQL 명령이다.

## sql
- 색인표에 특정 컬럼의 값을 정렬시키는 문법이 인덱스이다.
- 색인표에 자료를 정렬해두고 찾으면 
    - 장점 : 훨씬 빠른 속도로 찾을 수 있게 된다.
    - 단점 : 파일의 크기가 커진다. (하드디스크 메모리를 사용한다.)
- 기준 항목에 대해 정렬하는 것이 색인표이다.
- 새 데이터를 추가하거나 데이터를 변경하면 색인표도 갱신해야 한다.
    - 추가, 변경, 삭제 시 실행 속도가 느리다.
    - 대신 검색 속도가 빠르다.

## 컬럼 값 자동 증가 (auto-increment)
- 숫자 타입의 PK 컬럼인 경우 값을 1씩 자동 증가시킬 수 있다.
- 즉, 데이터를 입력할 때 해당 컬럼의 값을 넣지 않아도 자동으로 증가된다.
- 단, 삭제를 해서 중간에 비어있는 번호는 다시 채우지 않는다. 증가된 번호는 계속 앞으로 증가할 뿐이다.
- 프라이머리에 낫널 컬럼이라도 오토-인크리먼트라면 입력이 가능하다.
- 마리아db는 인서트를 하다가 실패하면 번호가 올라가지 않지만, 다른 db는 인서트를 하다가 실패하면 번호가 자동으로 증가될 때가 있다.

## 뷰 (view)
- 프로젝션 : 어떤 컬럼 값을 꺼낼 지 선택하는 것.
- 셀렉션 : 데이터(row) 를 선택하는 것.
- 웨어 : 레코드를 선택하는 것.
- 뷰로 만들어진 테이블은 가상 테이블이다.

```
Last login: Mon Oct 26 14:02:02 on ttys000
 rsh@rsh  ~
 mysql -u study -p
Enter password: 
Welcome to the MariaDB monitor.  Commands end with ; or \g.
Your MariaDB connection id is 3
Server version: 10.5.6-MariaDB Homebrew

Copyright (c) 2000, 2018, Oracle, MariaDB Corporation Ab and others.

Type 'help;' or '\h' for help. Type '\c' to clear the current input statement.

MariaDB [(none)]> show databases;
+--------------------+
| Database           |
+--------------------+
| information_schema |
| studydb            |
+--------------------+
2 rows in set (0.005 sec)

MariaDB [(none)]> use studydb
Reading table information for completion of table and column names
You can turn off this feature to get a quicker startup with -A

Database changed
MariaDB [studydb]> show tables;
+-------------------+
| Tables_in_studydb |
+-------------------+
| test1             |
+-------------------+
1 row in set (0.000 sec)

MariaDB [studydb]> drop table test1;
Query OK, 0 rows affected (0.009 sec)

MariaDB [studydb]> show tables;
Empty set (0.000 sec)

MariaDB [studydb]> create table test1(
    ->   no int primary key,
    ->   name varchar(20),
    ->   age int,
    ->   kor int,
    ->   eng int,
    ->   math int,
    ->   constraint test1_uk unique (name, age),
    ->   fulltext index test1_name_idx (name)
    -> );
Query OK, 0 rows affected (0.033 sec)

MariaDB [studydb]> insert into test1(no,name,age,kor,eng,math) values(1,'aaa',20,80,80,80);
Query OK, 1 row affected (0.004 sec)

MariaDB [studydb]> insert into test1(no,name,age,kor,eng,math) values(2,'bbb',21,90,80,80);
Query OK, 1 row affected (0.001 sec)

MariaDB [studydb]> insert into test1(no,name,age,kor,eng,math) values(3,'ccc',20,80,80,80);
Query OK, 1 row affected (0.000 sec)

MariaDB [studydb]> insert into test1(no,name,age,kor,eng,math) values(4,'ddd',22,90,80,80);
Query OK, 1 row affected (0.000 sec)

MariaDB [studydb]> insert into test1(no,name,age,kor,eng,math) values(5,'eee',20,80,80,80); 
Query OK, 1 row affected (0.001 sec)

MariaDB [studydb]> select * from test1;
+----+------+------+------+------+------+
| no | name | age  | kor  | eng  | math |
+----+------+------+------+------+------+
|  1 | aaa  |   20 |   80 |   80 |   80 |
|  2 | bbb  |   21 |   90 |   80 |   80 |
|  3 | ccc  |   20 |   80 |   80 |   80 |
|  4 | ddd  |   22 |   90 |   80 |   80 |
|  5 | eee  |   20 |   80 |   80 |   80 |
+----+------+------+------+------+------+
5 rows in set (0.002 sec)

MariaDB [studydb]> select * from test1 where name = 'ccc';
+----+------+------+------+------+------+
| no | name | age  | kor  | eng  | math |
+----+------+------+------+------+------+
|  3 | ccc  |   20 |   80 |   80 |   80 |
+----+------+------+------+------+------+
1 row in set (0.006 sec)

MariaDB [studydb]> drop table test1;
Query OK, 0 rows affected (0.016 sec)

MariaDB [studydb]> create table test1 (
    ->   name varchar(3),
    ->   kor int,
    ->   eng int,
    ->   math int,
    ->   sum int,
    ->   aver int
    -> );
Query OK, 0 rows affected (0.012 sec)

MariaDB [studydb]> desc test1;
+-------+------------+------+-----+---------+-------+
| Field | Type       | Null | Key | Default | Extra |
+-------+------------+------+-----+---------+-------+
| name  | varchar(3) | YES  |     | NULL    |       |
| kor   | int(11)    | YES  |     | NULL    |       |
| eng   | int(11)    | YES  |     | NULL    |       |
| math  | int(11)    | YES  |     | NULL    |       |
| sum   | int(11)    | YES  |     | NULL    |       |
| aver  | int(11)    | YES  |     | NULL    |       |
+-------+------------+------+-----+---------+-------+
6 rows in set (0.006 sec)

MariaDB [studydb]> alter table test1
    ->   add column no int;
Query OK, 0 rows affected (0.021 sec)
Records: 0  Duplicates: 0  Warnings: 0

MariaDB [studydb]> desc test1;
+-------+------------+------+-----+---------+-------+
| Field | Type       | Null | Key | Default | Extra |
+-------+------------+------+-----+---------+-------+
| name  | varchar(3) | YES  |     | NULL    |       |
| kor   | int(11)    | YES  |     | NULL    |       |
| eng   | int(11)    | YES  |     | NULL    |       |
| math  | int(11)    | YES  |     | NULL    |       |
| sum   | int(11)    | YES  |     | NULL    |       |
| aver  | int(11)    | YES  |     | NULL    |       |
| no    | int(11)    | YES  |     | NULL    |       |
+-------+------------+------+-----+---------+-------+
7 rows in set (0.003 sec)

MariaDB [studydb]> alter table test1
    ->   add column age int; 
Query OK, 0 rows affected (0.020 sec)
Records: 0  Duplicates: 0  Warnings: 0

MariaDB [studydb]> desc test1;
+-------+------------+------+-----+---------+-------+
| Field | Type       | Null | Key | Default | Extra |
+-------+------------+------+-----+---------+-------+
| name  | varchar(3) | YES  |     | NULL    |       |
| kor   | int(11)    | YES  |     | NULL    |       |
| eng   | int(11)    | YES  |     | NULL    |       |
| math  | int(11)    | YES  |     | NULL    |       |
| sum   | int(11)    | YES  |     | NULL    |       |
| aver  | int(11)    | YES  |     | NULL    |       |
| no    | int(11)    | YES  |     | NULL    |       |
| age   | int(11)    | YES  |     | NULL    |       |
+-------+------------+------+-----+---------+-------+
8 rows in set (0.004 sec)

MariaDB [studydb]> alter table test1
    ->   add column no2 int,
    ->   add column age2 int;  
Query OK, 0 rows affected (0.014 sec)
Records: 0  Duplicates: 0  Warnings: 0

MariaDB [studydb]> desc test1;
+-------+------------+------+-----+---------+-------+
| Field | Type       | Null | Key | Default | Extra |
+-------+------------+------+-----+---------+-------+
| name  | varchar(3) | YES  |     | NULL    |       |
| kor   | int(11)    | YES  |     | NULL    |       |
| eng   | int(11)    | YES  |     | NULL    |       |
| math  | int(11)    | YES  |     | NULL    |       |
| sum   | int(11)    | YES  |     | NULL    |       |
| aver  | int(11)    | YES  |     | NULL    |       |
| no    | int(11)    | YES  |     | NULL    |       |
| age   | int(11)    | YES  |     | NULL    |       |
| no2   | int(11)    | YES  |     | NULL    |       |
| age2  | int(11)    | YES  |     | NULL    |       |
+-------+------------+------+-----+---------+-------+
10 rows in set (0.003 sec)

MariaDB [studydb]> alter table test1
    ->   add constraint test1_pk primary key (no),
    ->   add constraint test1_uk unique (name, age),
    ->   add fulltext index test1_name_idx (name);
Query OK, 0 rows affected, 1 warning (0.041 sec)
Records: 0  Duplicates: 0  Warnings: 1

MariaDB [studydb]> desc test1;
+-------+------------+------+-----+---------+-------+
| Field | Type       | Null | Key | Default | Extra |
+-------+------------+------+-----+---------+-------+
| name  | varchar(3) | YES  | MUL | NULL    |       |
| kor   | int(11)    | YES  |     | NULL    |       |
| eng   | int(11)    | YES  |     | NULL    |       |
| math  | int(11)    | YES  |     | NULL    |       |
| sum   | int(11)    | YES  |     | NULL    |       |
| aver  | int(11)    | YES  |     | NULL    |       |
| no    | int(11)    | NO   | PRI | NULL    |       |
| age   | int(11)    | YES  |     | NULL    |       |
| no2   | int(11)    | YES  |     | NULL    |       |
| age2  | int(11)    | YES  |     | NULL    |       |
+-------+------------+------+-----+---------+-------+
10 rows in set (0.004 sec)

MariaDB [studydb]> alter table test1
    ->   modify column name varchar(20) not null,
    ->   modify column age int not null,
    ->   modify column kor int not null,
    ->   modify column eng int not null,
    ->   modify column math int not null,
    ->   modify column sum int not null,
    ->   modify column aver float not null;
Query OK, 0 rows affected (0.051 sec)              
Records: 0  Duplicates: 0  Warnings: 0

MariaDB [studydb]> desc test1;
+-------+-------------+------+-----+---------+-------+
| Field | Type        | Null | Key | Default | Extra |
+-------+-------------+------+-----+---------+-------+
| name  | varchar(20) | NO   | MUL | NULL    |       |
| kor   | int(11)     | NO   |     | NULL    |       |
| eng   | int(11)     | NO   |     | NULL    |       |
| math  | int(11)     | NO   |     | NULL    |       |
| sum   | int(11)     | NO   |     | NULL    |       |
| aver  | float       | NO   |     | NULL    |       |
| no    | int(11)     | NO   | PRI | NULL    |       |
| age   | int(11)     | NO   |     | NULL    |       |
| no2   | int(11)     | YES  |     | NULL    |       |
| age2  | int(11)     | YES  |     | NULL    |       |
+-------+-------------+------+-----+---------+-------+
10 rows in set (0.003 sec)

MariaDB [studydb]> insert into test1(no,name,age,kor,eng,math,sum,aver)
    ->   values(1,'aaa',20,100,100,100,300,100);
Query OK, 1 row affected (0.002 sec)

MariaDB [studydb]> insert into test1(no,name,age,kor,eng,math,sum,aver)
    ->   values(2,'bbb',21,100,100,100,300,100);
Query OK, 1 row affected (0.001 sec)

MariaDB [studydb]> desc test1;
+-------+-------------+------+-----+---------+-------+
| Field | Type        | Null | Key | Default | Extra |
+-------+-------------+------+-----+---------+-------+
| name  | varchar(20) | NO   | MUL | NULL    |       |
| kor   | int(11)     | NO   |     | NULL    |       |
| eng   | int(11)     | NO   |     | NULL    |       |
| math  | int(11)     | NO   |     | NULL    |       |
| sum   | int(11)     | NO   |     | NULL    |       |
| aver  | float       | NO   |     | NULL    |       |
| no    | int(11)     | NO   | PRI | NULL    |       |
| age   | int(11)     | NO   |     | NULL    |       |
| no2   | int(11)     | YES  |     | NULL    |       |
| age2  | int(11)     | YES  |     | NULL    |       |
+-------+-------------+------+-----+---------+-------+
10 rows in set (0.003 sec)

MariaDB [studydb]> select * from test1;
+------+-----+-----+------+-----+------+----+-----+------+------+
| name | kor | eng | math | sum | aver | no | age | no2  | age2 |
+------+-----+-----+------+-----+------+----+-----+------+------+
| aaa  | 100 | 100 |  100 | 300 |  100 |  1 |  20 | NULL | NULL |
| bbb  | 100 | 100 |  100 | 300 |  100 |  2 |  21 | NULL | NULL |
+------+-----+-----+------+-----+------+----+-----+------+------+
2 rows in set (0.001 sec)

MariaDB [studydb]> insert into test1(no,name,age,kor,eng,math,sum,aver)
    ->   values(3,'bbb',21,100,100,100,300,100); 
ERROR 1062 (23000): Duplicate entry 'bbb-21' for key 'test1_uk'
MariaDB [studydb]> drop table test1;
Query OK, 0 rows affected (0.010 sec)

MariaDB [studydb]> create table test1(
    ->   no int not null,
    ->   name varchar(20) not null
    -> );
Query OK, 0 rows affected (0.016 sec)

MariaDB [studydb]> alter table test1
    ->   modify column no int not null auto_increment;
ERROR 1075 (42000): Incorrect table definition; there can be only one auto column and it must be defined as a key
MariaDB [studydb]> alter table test1
    ->   add constraint primary key (no); /* 일단 no를 pk로 지정한다.*/
Query OK, 0 rows affected (0.016 sec)
Records: 0  Duplicates: 0  Warnings: 0

MariaDB [studydb]> alter table test1
    -> 
    -> ;
Query OK, 0 rows affected (0.001 sec)
Records: 0  Duplicates: 0  Warnings: 0

MariaDB [studydb]> alter table test1
    ->   modify column no int not null auto_increment;
Query OK, 0 rows affected (0.034 sec)              
Records: 0  Duplicates: 0  Warnings: 0

MariaDB [studydb]> desc test1;
+-------+-------------+------+-----+---------+----------------+
| Field | Type        | Null | Key | Default | Extra          |
+-------+-------------+------+-----+---------+----------------+
| no    | int(11)     | NO   | PRI | NULL    | auto_increment |
| name  | varchar(20) | NO   |     | NULL    |                |
+-------+-------------+------+-----+---------+----------------+
2 rows in set (0.005 sec)

MariaDB [studydb]> insert into test1(no, name) values(1, 'xxx');
Query OK, 1 row affected (0.001 sec)

MariaDB [studydb]> select * from test1;
+----+------+
| no | name |
+----+------+
|  1 | xxx  |
+----+------+
1 row in set (0.000 sec)

MariaDB [studydb]> insert into test1(name) values('aaa');
Query OK, 1 row affected (0.001 sec)

MariaDB [studydb]> select * from test1;
+----+------+
| no | name |
+----+------+
|  1 | xxx  |
|  2 | aaa  |
+----+------+
2 rows in set (0.000 sec)

MariaDB [studydb]> insert into test1(no, name) values(100, 'yyy');
Query OK, 1 row affected (0.001 sec)

MariaDB [studydb]> select * from test1;
+-----+------+
| no  | name |
+-----+------+
|   1 | xxx  |
|   2 | aaa  |
| 100 | yyy  |
+-----+------+
3 rows in set (0.000 sec)

MariaDB [studydb]> insert into test1(name) values('bbb');
Query OK, 1 row affected (0.001 sec)

MariaDB [studydb]> select * from test1;
+-----+------+
| no  | name |
+-----+------+
|   1 | xxx  |
|   2 | aaa  |
| 100 | yyy  |
| 101 | bbb  |
+-----+------+
4 rows in set (0.000 sec)

MariaDB [studydb]> insert into test1(name) values('ccc');
Query OK, 1 row affected (0.001 sec)

MariaDB [studydb]> insert into test1(name) values('ddd');
Query OK, 1 row affected (0.001 sec)

MariaDB [studydb]> select * from test1;
+-----+------+
| no  | name |
+-----+------+
|   1 | xxx  |
|   2 | aaa  |
| 100 | yyy  |
| 101 | bbb  |
| 102 | ccc  |
| 103 | ddd  |
+-----+------+
6 rows in set (0.000 sec)

MariaDB [studydb]> delete from test1 where no=103;
Query OK, 1 row affected (0.003 sec)

MariaDB [studydb]> insert into test1(name) values('eee');
Query OK, 1 row affected (0.001 sec)

MariaDB [studydb]> select * from test1;
+-----+------+
| no  | name |
+-----+------+
|   1 | xxx  |
|   2 | aaa  |
| 100 | yyy  |
| 101 | bbb  |
| 102 | ccc  |
| 104 | eee  |
+-----+------+
6 rows in set (0.000 sec)

MariaDB [studydb]> insert into test1(name) values('fff');
Query OK, 1 row affected (0.002 sec)

MariaDB [studydb]> select * from test1;
+-----+------+
| no  | name |
+-----+------+
|   1 | xxx  |
|   2 | aaa  |
| 100 | yyy  |
| 101 | bbb  |
| 102 | ccc  |
| 104 | eee  |
| 105 | fff  |
+-----+------+
7 rows in set (0.000 sec)

MariaDB [studydb]> 
MariaDB [studydb]> insert into test1(name) values('123456789012345678901234');
ERROR 1406 (22001): Data too long for column 'name' at row 1
MariaDB [studydb]> insert into test1(name) values('ggg');
Query OK, 1 row affected (0.001 sec)

MariaDB [studydb]> select * from test1;
+-----+------+
| no  | name |
+-----+------+
|   1 | xxx  |
|   2 | aaa  |
| 100 | yyy  |
| 101 | bbb  |
| 102 | ccc  |
| 104 | eee  |
| 105 | fff  |
| 106 | ggg  |
+-----+------+
8 rows in set (0.000 sec)

MariaDB [studydb]> drop table test1;
Query OK, 0 rows affected (0.004 sec)

MariaDB [studydb]> create table test1 (
    ->   no int primary key auto_increment,
    ->   name varchar(20) not null,
    ->   class varchar(10) not null,
    ->   working char(1) not null,
    ->   tel varchar(20)
    -> );
Query OK, 0 rows affected (0.017 sec)

MariaDB [studydb]> insert into test1(name,class,working) values('aaa','java100','Y');
Query OK, 1 row affected (0.002 sec)

MariaDB [studydb]> insert into test1(name,class,working) values('bbb','java100','N');
Query OK, 1 row affected (0.000 sec)

MariaDB [studydb]> insert into test1(name,class,working) values('ccc','java100','Y');
Query OK, 1 row affected (0.000 sec)

MariaDB [studydb]> insert into test1(name,class,working) values('ddd','java100','N');
Query OK, 1 row affected (0.000 sec)

MariaDB [studydb]> insert into test1(name,class,working) values('eee','java100','Y');
Query OK, 1 row affected (0.000 sec)

MariaDB [studydb]> insert into test1(name,class,working) values('kkk','java101','N');
Query OK, 1 row affected (0.000 sec)

MariaDB [studydb]> insert into test1(name,class,working) values('lll','java101','Y');
Query OK, 1 row affected (0.001 sec)

MariaDB [studydb]> insert into test1(name,class,working) values('mmm','java101','N');
Query OK, 1 row affected (0.002 sec)

MariaDB [studydb]> insert into test1(name,class,working) values('nnn','java101','Y');
Query OK, 1 row affected (0.000 sec)

MariaDB [studydb]> insert into test1(name,class,working) values('ooo','java101','N'); 
Query OK, 1 row affected (0.001 sec)

MariaDB [studydb]> select * from test1;
+----+------+---------+---------+------+
| no | name | class   | working | tel  |
+----+------+---------+---------+------+
|  1 | aaa  | java100 | Y       | NULL |
|  2 | bbb  | java100 | N       | NULL |
|  3 | ccc  | java100 | Y       | NULL |
|  4 | ddd  | java100 | N       | NULL |
|  5 | eee  | java100 | Y       | NULL |
|  6 | kkk  | java101 | N       | NULL |
|  7 | lll  | java101 | Y       | NULL |
|  8 | mmm  | java101 | N       | NULL |
|  9 | nnn  | java101 | Y       | NULL |
| 10 | ooo  | java101 | N       | NULL |
+----+------+---------+---------+------+
10 rows in set (0.000 sec)

MariaDB [studydb]> select no, name, class from test1 where working = 'Y';
+----+------+---------+
| no | name | class   |
+----+------+---------+
|  1 | aaa  | java100 |
|  3 | ccc  | java100 |
|  5 | eee  | java100 |
|  7 | lll  | java101 |
|  9 | nnn  | java101 |
+----+------+---------+
5 rows in set (0.000 sec)

MariaDB [studydb]> select no, name, class from test1 where working = 'N';
+----+------+---------+
| no | name | class   |
+----+------+---------+
|  2 | bbb  | java100 |
|  4 | ddd  | java100 |
|  6 | kkk  | java101 |
|  8 | mmm  | java101 |
| 10 | ooo  | java101 |
+----+------+---------+
5 rows in set (0.000 sec)

MariaDB [studydb]> create view worker
    ->   as select no, name, class from test1 where working = 'Y';
Query OK, 0 rows affected (0.015 sec)

MariaDB [studydb]> show tables;
+-------------------+
| Tables_in_studydb |
+-------------------+
| test1             |
| worker            |
+-------------------+
2 rows in set (0.000 sec)

MariaDB [studydb]> select * from worker;
+----+------+---------+
| no | name | class   |
+----+------+---------+
|  1 | aaa  | java100 |
|  3 | ccc  | java100 |
|  5 | eee  | java100 |
|  7 | lll  | java101 |
|  9 | nnn  | java101 |
+----+------+---------+
5 rows in set (0.003 sec)

MariaDB [studydb]> insert into test1(name,class,working) values('ppp','java101','Y');
Query OK, 1 row affected (0.002 sec)

MariaDB [studydb]> select * from worker;
+----+------+---------+
| no | name | class   |
+----+------+---------+
|  1 | aaa  | java100 |
|  3 | ccc  | java100 |
|  5 | eee  | java100 |
|  7 | lll  | java101 |
|  9 | nnn  | java101 |
| 11 | ppp  | java101 |
+----+------+---------+
6 rows in set (0.000 sec)

MariaDB [studydb]> drop view worker;
Query OK, 0 rows affected (0.002 sec)

MariaDB [studydb]> show tables;
+-------------------+
| Tables_in_studydb |
+-------------------+
| test1             |
+-------------------+
1 row in set (0.000 sec)

MariaDB [studydb]> drop table test1;
Query OK, 0 rows affected (0.003 sec)

MariaDB [studydb]> show tables;
Empty set (0.000 sec)

MariaDB [studydb]> 

```

## DML(Data Manipulation Language)
데이터 등록, 변경, 삭제를 다루는 SQL 문법


