---
layout : post
title :  2020-10-27 TIL
categories : TIL
layout : single
toc : true 
toc_sticky : true
---

# sql - https://mariadb.com/kb/en/documentation/

## projection
- 특정 컬럼의 값만 조회하는 것.
- select no, name, tel from test1;

```
MariaDB [studydb]> select no, name, tel from test1;
+----+------+------+
| no | name | tel  |
+----+------+------+
|  1 | aaa  | NULL |
|  2 | bbb  | NULL |
|  3 | ccc  | NULL |
|  4 | ddd  | NULL |
|  5 | eee  | NULL |
|  6 | kkk  | NULL |
|  7 | lll  | NULL |
|  8 | mmm  | NULL |
|  9 | nnn  | NULL |
| 10 | ooo  | NULL |
+----+------+------+
10 rows in set (0.000 sec)
```

## 가상의 컬럼 값을 조회하기
- select no, concat(name,'(',class,')') from test1;

```
MariaDB [studydb]> select no, concat(name,'(',class,')') from test1;
+----+----------------------------+
| no | concat(name,'(',class,')') |
+----+----------------------------+
|  1 | aaa(java100)               |
|  2 | bbb(java100)               |
|  3 | ccc(java100)               |
|  4 | ddd(java100)               |
|  5 | eee(java100)               |
|  6 | kkk(java101)               |
|  7 | lll(java101)               |
|  8 | mmm(java101)               |
|  9 | nnn(java101)               |
| 10 | ooo(java101)               |
+----+----------------------------+
10 rows in set (0.002 sec)
```

## 조회하는 컬럼에 별명 붙이기 
- 별명을 붙이지 않으면 원래의 컬럼명이 조회 결과의 컬럼이름으로 사용된다.
- 위의 예제처럼 복잡한 식으로 표현한 컬럼인 경우 컬럼명도 그 식이 된다.
- 이런 경우 별명을 붙이면 조회 결과를 보기 쉽다.
- as 생략 가능

```
MariaDB [studydb]> select 
    ->     no as num, 
    ->     concat(name,'(',class,')') as title 
    -> from test1; 
+-----+--------------+
| num | title        |
+-----+--------------+
|   1 | aaa(java100) |
|   2 | bbb(java100) |
|   3 | ccc(java100) |
|   4 | ddd(java100) |
|   5 | eee(java100) |
|   6 | kkk(java101) |
|   7 | lll(java101) |
|   8 | mmm(java101) |
|   9 | nnn(java101) |
|  10 | ooo(java101) |
+-----+--------------+
10 rows in set (0.002 sec)
```

## 조회할 때 조건 지정하기
- where 절과 연산자를 이용하여 조회 조건을 지정할 수 있다.
- 이렇게 조건을 지정하여 결과를 선택하는 것을 "셀렉션(selection)" 이라 한다.

```
MariaDB [studydb]> select * 
    -> from test1
    -> where no > 5;
+----+------+---------+---------+------+
| no | name | class   | working | tel  |
+----+------+---------+---------+------+
|  6 | kkk  | java101 | N       | NULL |
|  7 | lll  | java101 | Y       | NULL |
|  8 | mmm  | java101 | N       | NULL |
|  9 | nnn  | java101 | Y       | NULL |
| 10 | ooo  | java101 | N       | NULL |
+----+------+---------+---------+------+
5 rows in set (0.005 sec)
```

## 연산자 OR, AND, NOT
- OR : 두 조건 중에 참인 것이 있으면 조회 결과에 포함시킨다.
- AND : 두 조건 모두 참일 때만 조회 결과에 포함시킨다.
- NOT : 조건에 일치하지 않을 때만 결과에 포함시킨다.

```
MariaDB [studydb]> select * from test1;
+----+------+---------+---------+------+
| no | name | class   | working | tel  |
+----+------+---------+---------+------+
|  1 | aaa  | java100 | Y       | NULL |
|  2 | bbb  | java100 | N       | NULL |
|  3 | ccc  | java100 | Y       | NULL |
|  4 | ddd  | java100 | N       | NULL |
|  5 | eee  | java100 | Y       | NULL |
|  6 | kkk  | java101 | N       | NULL |
|  7 | lll  | java101 | Y       | NULL |
|  8 | mmm  | java101 | N       | NULL |
|  9 | nnn  | java101 | Y       | NULL |
| 10 | ooo  | java101 | N       | NULL |
+----+------+---------+---------+------+
10 rows in set (0.000 sec)
```

### or

```
MariaDB [studydb]> select no, name, class, working
    -> from test1
    -> where working='Y' or class='java100';
+----+------+---------+---------+
| no | name | class   | working |
+----+------+---------+---------+
|  1 | aaa  | java100 | Y       |
|  2 | bbb  | java100 | N       |
|  3 | ccc  | java100 | Y       |
|  4 | ddd  | java100 | N       |
|  5 | eee  | java100 | Y       |
|  7 | lll  | java101 | Y       |
|  9 | nnn  | java101 | Y       |
+----+------+---------+---------+
7 rows in set (0.000 sec)

```

### and

```
MariaDB [studydb]> select no, name, class, working
    -> from test1
    -> where working='Y' and class='java100';
+----+------+---------+---------+
| no | name | class   | working |
+----+------+---------+---------+
|  1 | aaa  | java100 | Y       |
|  3 | ccc  | java100 | Y       |
|  5 | eee  | java100 | Y       |
+----+------+---------+---------+
3 rows in set (0.002 sec)
```

- 실행 순서 주의

```
/* 주의!
 * where 절을 통해 결과 데이터를 먼저 선택(selection)한 다음 
 * 결과 데이터에서 가져올 컬럼을 선택(projection)한다.
 * 따라서 실행 순서는:
 * from ==> where ==> select 
 */
 MariaDB [studydb]> select no, name
    -> from test1
    -> where working='Y' and class='java100';
+----+------+
| no | name |
+----+------+
|  1 | aaa  |
|  3 | ccc  |
|  5 | eee  |
+----+------+
3 rows in set (0.000 sec)
```

### not

```
MariaDB [studydb]> select no, name, class, working
    -> from test1
    -> where not working = 'Y';
+----+------+---------+---------+
| no | name | class   | working |
+----+------+---------+---------+
|  2 | bbb  | java100 | N       |
|  4 | ddd  | java100 | N       |
|  6 | kkk  | java101 | N       |
|  8 | mmm  | java101 | N       |
| 10 | ooo  | java101 | N       |
+----+------+---------+---------+
5 rows in set (0.000 sec)
```

```
MariaDB [studydb]> select no, name, class, working
    -> from test1
    -> where working != 'Y';
+----+------+---------+---------+
| no | name | class   | working |
+----+------+---------+---------+
|  2 | bbb  | java100 | N       |
|  4 | ddd  | java100 | N       |
|  6 | kkk  | java101 | N       |
|  8 | mmm  | java101 | N       |
| 10 | ooo  | java101 | N       |
+----+------+---------+---------+
5 rows in set (0.000 sec)
```

```
MariaDB [studydb]> select no, name, class, working
    -> from test1
    -> where working <> 'Y';
+----+------+---------+---------+
| no | name | class   | working |
+----+------+---------+---------+
|  2 | bbb  | java100 | N       |
|  4 | ddd  | java100 | N       |
|  6 | kkk  | java101 | N       |
|  8 | mmm  | java101 | N       |
| 10 | ooo  | java101 | N       |
+----+------+---------+---------+
5 rows in set (0.000 sec)
```

### %

```
MariaDB [studydb]> update test1 set 
    ->     tel = '1111'
    -> where (no % 2) = 0;
Query OK, 5 rows affected (0.006 sec)
Rows matched: 5  Changed: 5  Warnings: 0

MariaDB [studydb]> select * from test1;
+----+------+---------+---------+------+
| no | name | class   | working | tel  |
+----+------+---------+---------+------+
|  1 | aaa  | java100 | Y       | NULL |
|  2 | bbb  | java100 | N       | 1111 |
|  3 | ccc  | java100 | Y       | NULL |
|  4 | ddd  | java100 | N       | 1111 |
|  5 | eee  | java100 | Y       | NULL |
|  6 | kkk  | java101 | N       | 1111 |
|  7 | lll  | java101 | Y       | NULL |
|  8 | mmm  | java101 | N       | 1111 |
|  9 | nnn  | java101 | Y       | NULL |
| 10 | ooo  | java101 | N       | 1111 |
+----+------+---------+---------+------+
10 rows in set (0.000 sec)
```

```
MariaDB [studydb]> update test1 set
    ->   tel = '2222'
    -> where (no % 3) = 0;
Query OK, 3 rows affected (0.001 sec)
Rows matched: 3  Changed: 3  Warnings: 0

MariaDB [studydb]> select * from test1;
+----+------+---------+---------+------+
| no | name | class   | working | tel  |
+----+------+---------+---------+------+
|  1 | aaa  | java100 | Y       | NULL |
|  2 | bbb  | java100 | N       | 1111 |
|  3 | ccc  | java100 | Y       | 2222 |
|  4 | ddd  | java100 | N       | 1111 |
|  5 | eee  | java100 | Y       | NULL |
|  6 | kkk  | java101 | N       | 2222 |
|  7 | lll  | java101 | Y       | NULL |
|  8 | mmm  | java101 | N       | 1111 |
|  9 | nnn  | java101 | Y       | 2222 |
| 10 | ooo  | java101 | N       | 1111 |
+----+------+---------+---------+------+
10 rows in set (0.002 sec)
```

### is, is not (null에 사용)

```
MariaDB [studydb]> select *
    -> from test1
    -> where tel != null; 
Empty set (0.002 sec)

MariaDB [studydb]> select *
    -> from test1
    -> where tel is not null;
+----+------+---------+---------+------+
| no | name | class   | working | tel  |
+----+------+---------+---------+------+
|  2 | bbb  | java100 | N       | 1111 |
|  3 | ccc  | java100 | Y       | 2222 |
|  4 | ddd  | java100 | N       | 1111 |
|  6 | kkk  | java101 | N       | 2222 |
|  8 | mmm  | java101 | N       | 1111 |
|  9 | nnn  | java101 | Y       | 2222 |
| 10 | ooo  | java101 | N       | 1111 |
+----+------+---------+---------+------+
7 rows in set (0.000 sec)
```

### 사칙연산
- +, -, *, /, % 연산자를 사용할 수 있다.

```
MariaDB [studydb]> select (4 + 5), (4 - 5), (4 * 5), (4 / 5), (4 % 5);
+---------+---------+---------+---------+---------+
| (4 + 5) | (4 - 5) | (4 * 5) | (4 / 5) | (4 % 5) |
+---------+---------+---------+---------+---------+
|       9 |      -1 |      20 |  0.8000 |       4 |
+---------+---------+---------+---------+---------+
1 row in set (0.003 sec)
```

### 비교연산
- =, !=, >, >=, <, <=, <> 

```
MariaDB [studydb]> select (4=5), (4!=5), (4>5), (4>=5), (4<5), (4<=5), (4<>5);
+-------+--------+-------+--------+-------+--------+--------+
| (4=5) | (4!=5) | (4>5) | (4>=5) | (4<5) | (4<=5) | (4<>5) |
+-------+--------+-------+--------+-------+--------+--------+
|     0 |      1 |     0 |      0 |     1 |      1 |      1 |
+-------+--------+-------+--------+-------+--------+--------+
1 row in set (0.000 sec)
```

### between 값1 and 값2 
- 두 값 사이(두 값도 포함)에 있는지 검사한다.
- 1 은 true

```
MariaDB [studydb]> select 5 between 3 and 5;
+-------------------+
| 5 between 3 and 5 |
+-------------------+
|                 1 |
+-------------------+
1 row in set (0.002 sec)
```

### like
- 문자열을 비교할 때 사용한다.

```
MariaDB [studydb]> select * from test1;
+----+------+----------+---------+------+
| no | name | class    | working | tel  |
+----+------+----------+---------+------+
|  1 | aaa  | java100  | Y       | NULL |
|  2 | bbb  | java100  | N       | 1111 |
|  3 | ccc  | java100  | Y       | 2222 |
|  4 | ddd  | java100  | N       | 1111 |
|  5 | eee  | java100  | Y       | NULL |
|  6 | kkk  | java101  | N       | 2222 |
|  7 | lll  | java101  | Y       | NULL |
|  8 | mmm  | java101  | N       | 1111 |
|  9 | nnn  | java101  | Y       | 2222 |
| 10 | ooo  | java101  | N       | 1111 |
| 11 | xxx  | window27 | 1       | NULL |
| 12 | yyy  | window27 | 0       | NULL |
| 13 | zzz  | window28 | 1       | NULL |
| 14 | qqq  | window28 | 0       | NULL |
| 15 | s01  | javawin1 | 1       | NULL |
| 16 | s02  | javawin1 | 0       | NULL |
| 17 | s03  | javawin1 | 0       | NULL |
| 18 | s04  | iotjava5 | 1       | NULL |
| 19 | s05  | iotjava5 | 0       | NULL |
| 20 | s06  | iotjava5 | 0       | NULL |
| 21 | s011 | iotjava5 | 1       | NULL |
| 22 | s012 | iotjava5 | 1       | NULL |
| 23 | s013 | iotjava5 | 1       | NULL |
+----+------+----------+---------+------+
23 rows in set (0.000 sec)
```

- if 문
- https://mariadb.com/kb/en/if-function/

```
MariaDB [studydb]> update test1 set working=if(working='Y','1','0') where working = 'Y' or working = 'N';
Query OK, 10 rows affected (0.002 sec)
Rows matched: 10  Changed: 10  Warnings: 0

MariaDB [studydb]> select * from test1;
+----+------+----------+---------+------+
| no | name | class    | working | tel  |
+----+------+----------+---------+------+
|  1 | aaa  | java100  | 1       | NULL |
|  2 | bbb  | java100  | 0       | 1111 |
|  3 | ccc  | java100  | 1       | 2222 |
|  4 | ddd  | java100  | 0       | 1111 |
|  5 | eee  | java100  | 1       | NULL |
|  6 | kkk  | java101  | 0       | 2222 |
|  7 | lll  | java101  | 1       | NULL |
|  8 | mmm  | java101  | 0       | 1111 |
|  9 | nnn  | java101  | 1       | 2222 |
| 10 | ooo  | java101  | 0       | 1111 |
| 11 | xxx  | window27 | 1       | NULL |
| 12 | yyy  | window27 | 0       | NULL |
| 13 | zzz  | window28 | 1       | NULL |
| 14 | qqq  | window28 | 0       | NULL |
| 15 | s01  | javawin1 | 1       | NULL |
| 16 | s02  | javawin1 | 0       | NULL |
| 17 | s03  | javawin1 | 0       | NULL |
| 18 | s04  | iotjava5 | 1       | NULL |
| 19 | s05  | iotjava5 | 0       | NULL |
| 20 | s06  | iotjava5 | 0       | NULL |
| 21 | s011 | iotjava5 | 1       | NULL |
| 22 | s012 | iotjava5 | 1       | NULL |
| 23 | s013 | iotjava5 | 1       | NULL |
+----+------+----------+---------+------+
23 rows in set (0.000 sec)
```

##

```
```

##

```
```

##

```
```

##

```
```